dnb,30040112341
sportvla,30040112351
daiwel,30040112361
tiendadedeportes,30040112381
peperairhips,30050112391
fandomshop,30040212401
narniashop,30040212411
todomodas,30040212421
unadiosa,30040212431
elbardelosvideosjuegos,30050212441
chameleon,30040212451
tutifruti,30030312461
mansionesextraordinarias,30040312501
tecnoshop,30040312511
indumentariamc,30040312521
esco,30020412531
nyc,30040412541
dmjc,30040412551
mig,30040412561
kinokocakes,30050245751
matrix,30040412571
lobi,30040412581
guceaifif,30040412591
kaviam,30040145721
bicisvla,30050245721
astethic,30050245731
fmashop,30050245741
losoriginales,30040145662
losteros,30040145672
miimovil,30040145682
ponogo,30040145692
tatomeroboelzapato,30040145702
vintageneptuno,30060165702
freesports,30060165712
aerocondor,30060165722
gamehouse,30060165732
up,30060165742
lafldsmdfr,30060165752
mydcell,30040345782
modcelu,30040345792
sportwear,30040345802
fugagor,30040345812
programaciontecnologica,30040345822
armateesesanguchito,30040445842
hyperpc,30040445852
lasantadelsenor,30040445862
modayoutfits,30050448722
donpepitobags,30030445882
rayo95,30231231223
smellsliketeenspirit,30293341782
artenea,30293341782
condonman,30040113453
mlnindumentariadeportiva,30040113463
electroflows,30040113473
valleautomotriz,30040113483
pieded1os,30040113493
topsoul,30040113503
zapashop,30040113513
skishop,30040313643
herb,30040213513
jupiter,30040213523
ballcok,30040213533
perfumelandia,30040213543
discostu,30050213553
dinotoys,30040313563
tkjenny,30040313563
puntocel,30040313593
viajesacv,30040313603
deauwits,30040313613
tecnocell,30040313623
convell,30040313633
baratiphone,30040313643